iter	RMSE
0	40955.23657
1	31803.20036
2	27695.00851
3	26187.28181
